code,system
G307000,readv2
G301000,readv2
G311000,readv2
G311011,readv2
G350.00,readv2
G30y.00,readv2
G351.00,readv2
G380.00,readv2
323Z.00,readv2
G308.00,readv2
G353.00,readv2
G304.00,readv2
G30..15,readv2
G30z.00,readv2
G360.00,readv2
Gyu3400,readv2
G30..00,readv2
G381.00,readv2
G306.00,readv2
G35..00,readv2
G38z.00,readv2
G38..00,readv2
G35X.00,readv2
G30yz00,readv2
Gyu3600,readv2
323..00,readv2
G30..17,readv2
G30X.00,readv2
G301z00,readv2
G301.00,readv2
G307.00,readv2
G384.00,readv2
G617.00,readv2
G640000,readv2
G61z.00,readv2
G641.11,readv2
Gyu6400,readv2
G64..12,readv2
G618.00,readv2
G613.00,readv2
G664.00,readv2
G671000,readv2
G64z.12,readv2
G61..12,readv2
G61..00,readv2
G661.00,readv2
G64z.00,readv2
G640.00,readv2
G61..11,readv2
G64z200,readv2
Gyu6200,readv2
G662.00,readv2
G602.00,readv2
G30..16,readv2
G30..12,readv2
G665.00,readv2
G666.00,readv2
G63y000,readv2
G63..11,readv2
Gyu6G00,readv2
G676000,readv2
G63y100,readv2
G63..00,readv2
G6W..00,readv2
G302.00,readv2
G30B.00,readv2
G305.00,readv2
G64z111,readv2
G300.00,readv2
Gyu6100,readv2
G64z000,readv2
G663.00,readv2
G64z.11,readv2
G64..13,readv2
G575.12,readv2
G61X000,readv2
G61X100,readv2
G60X.00,readv2
G66..00,readv2
G66..12,readv2
G62..00,readv2
G66..11,readv2
G66..13,readv2
G612.00,readv2
G64z400,readv2
G6X..00,readv2
Gyu6300,readv2
G611.00,readv2
G616.00,readv2
Gyu6F00,readv2
G61X.00,readv2
G603.00,readv2
G604.00,readv2
G610.00,readv2
G614.00,readv2
G615.00,readv2
G667.00,readv2
G307100,readv2
G30X000,readv2
G30y100,readv2
G62z.00,readv2
G605.00,readv2
G60z.00,readv2
G60..00,readv2
G601.00,readv2
G641000,readv2
G641.00,readv2
G365.00,readv2
G600.00,readv2
G363.00,readv2
G364.00,readv2
G30..13,readv2
G632.00,readv2
G606.00,readv2
G668.00,readv2
G64z300,readv2
G362.00,readv2
G30y200,readv2
G301100,readv2
G671.00,readv2
G671z00,readv2
G620.00,readv2
G621.00,readv2
G309.00,readv2
G303.00,readv2
I20-I23,readv2
I60-164,readv2